{
	"info": {
		"_postman_id": "71eece2a-48ce-40a8-992f-c060a9a4b534",
		"name": "SWEN1 Collection",
		"description": "### Welcome to Postman! This is your first collection. \n\nCollections are your starting point for building and testing APIs. You can use this one to:\n\n• Group related requests\n• Test your API in real-world scenarios\n• Document and share your requests\n\nUpdate the name and overview whenever you’re ready to make it yours.\n\n[Learn more about Postman Collections.](https://learning.postman.com/docs/collections/collections-overview/)",
		"schema": "https://schema.getpostman.com/json/collection/v2.0.0/collection.json"
	},
	"item": [
		{
			"name": "Login",
			"event": [
				{
					"listen": "test",
					"script": {
						"id": "e7ddc21e-24a7-4658-9e47-711e634c0670",
						"exec": [
							"pm.test(\"Successful POST request\", function () {",
							"    pm.expect(pm.response.code).to.be.oneOf([200, 201]);",
							"});",
							""
						],
						"type": "text/javascript",
						"packages": {},
						"requests": {}
					}
				}
			],
			"id": "73dc23af-33bd-436e-905f-bfac6369650c",
			"request": {
				"method": "POST",
				"header": [],
				"body": {
					"mode": "raw",
					"raw": "{\n\t\"username\": \"Clemens\",\n    \"password\": \"123\"\n}",
					"options": {
						"raw": {
							"language": "json"
						}
					}
				},
				"url": "",
				"description": "This is a POST request, submitting data to an API via the request body. This request submits JSON data, and the data is reflected in the response.\n\nA successful POST request typically returns a `200 OK` or `201 Created` response code."
			},
			"response": []
		},
		{
			"name": "Failed Register",
			"id": "29198cc1-6e4a-41f1-820c-3cf19a216b96",
			"protocolProfileBehavior": {
				"disableBodyPruning": true
			},
			"request": {
				"method": "POST",
				"header": [],
				"url": "http://localhost:12000/users/register"
			},
			"response": []
		},
		{
			"name": "Valid Register",
			"id": "bae7a48f-cb69-4ca6-bbea-be300ee8988b",
			"protocolProfileBehavior": {
				"disableBodyPruning": true
			},
			"request": {
				"method": "POST",
				"header": [],
				"body": {
					"mode": "raw",
					"raw": "{\r\n    \"username\": \"Clemens\",\r\n    \"fullname\": \"Clemens Heindl\",\r\n    \"email\": \"clemens@example.com\",\r\n    \"password\": \"123\"\r\n}",
					"options": {
						"raw": {
							"language": "json"
						}
					}
				},
				"url": "http://localhost:12000/users/register"
			},
			"response": []
		},
		{
			"name": "Invalid Endpoint",
			"id": "f112e1f6-b530-411f-8f38-efe704d80963",
			"protocolProfileBehavior": {
				"disableBodyPruning": true
			},
			"request": {
				"method": "GET",
				"header": []
			},
			"response": []
		}
	]
}